id,category_id,type_code,theme_code,design_code,name,description,materials_specs,shipping_info
100,1,CD,SPRK,001,Spark CD,"Released in 2018.
*Where it all started.* After the corporate world burned us out, we had an idea and made some music. This debut album is all about the things that bring back the spark in our eyes and the fire in our hearts.

**Tracklist:**
1. I Have An Idea
2. Cursive Chaos
3. Feed My Soul
4. Fever Dream
5. Clickety-Clack Scribble Scrabble
6. What Value?
7. Just 5 More Minutes! 
8. Saturday Mornings
9. If Found, Don't Return
10. Stealthy
11. Okay, Then!","- Plastic Jewel Case
- Album art designed by us!","- All CDs are sandwiched between rigid cardboard stiffeners and shipped in a heavy-duty recycled bubble-lined mailer to provide maximum crush resistance!
- They're also 'shake tested' before shipping: if we hear the disc rattling, we open it up and secure it (or add a foam stopper) so it doesn't get scratched in the mail. You bet we're thoughtful! Not demure, though."
112,1,CD,BIRD,001,Shut Up & Let Me Feed My Birds CD,"Released in 2020.
Here we explore how we can stay true to ourselves.

**Tracklist:**
1. Be Kind To Crows
2. Snackalicious
3. Tell Me More
4. Check Your Sources
5. Coffee First, Your Spoons Later
6. Please And Thank You Go A Long Way
7. Should Have Been A Paleontologist
8. Pee Bee And Jays
9. Red Stapler
10. Not This Again
11. Curiosity
12. International Shenanigans
13. Bird Watching
14. Brains
15. Woah!","- Plastic Jewel Case
- Album art designed by us!","- All CDs are sandwiched between rigid cardboard stiffeners and shipped in a heavy-duty recycled bubble-lined mailer to provide maximum crush resistance!
- They're also 'shake tested' before shipping: if we hear the disc rattling, we open it up and secure it (or add a foam stopper) so it doesn't get scratched in the mail. You bet we're thoughtful! Not demure, though."
127,1,CD,SWTR,001,I Was Promised Sweater Weather & A Salary CD,"Released in 2021.
The World changed quite rapidly. *Let's think about that.* Also, 100% of our net proceeds from the 'International Catastrophic' and 'Wash Yer Hands Ya Filthy Animal' songs will benefit DOCTORS WITHOUT BORDERS.

**Tracklist:**
1. International Catastrophic
2. Balance
3. Eww
4. Wash Yer Hands Ya Filthy Animal
5. Heartburn
6. As Per My Last Email
7. Degrees
8. Science!
9. Corporately Yours
10. Numbers
11. Did We Learn Anything?
12. EFF You 101","- Plastic Jewel Case
- Album art designed by us!","- All CDs are sandwiched between rigid cardboard stiffeners and shipped in a heavy-duty recycled bubble-lined mailer to provide maximum crush resistance!
- They're also 'shake tested' before shipping: if we hear the disc rattling, we open it up and secure it (or add a foam stopper) so it doesn't get scratched in the mail. You bet we're thoughtful! Not demure, though."
140,1,CD,THNK,001,H.Y.T.T.? CD,"Our 'Have You Tried Thinking?' album was a HYTT (*haha!*) in 2023 and we couldn't be more grateful to our fans for the continued support. We're now also offering a special 2CD edition where you'll find the instrumental version of the album on the bonus CD!

**Tracklist:**
1. It's Great!
2. Do You Have This In Black?
3. Critical!
4. Was I Asleep This Whole Time?
5. Are We There Yet?
6. Are You Familiar With The Concept?
7. Delightful News To Someone Who Cares
8. Spices
9. Big Brother
10. The Nerve","- Plastic Jewel Case
- Album art designed by us!","- All CDs are sandwiched between rigid cardboard stiffeners and shipped in a heavy-duty recycled bubble-lined mailer to provide maximum crush resistance!
- They're also 'shake tested' before shipping: if we hear the disc rattling, we open it up and secure it (or add a foam stopper) so it doesn't get scratched in the mail. You bet we're thoughtful! Not demure, though."
151,1,CD,HYPE,001,H.Y.P.E. EP CD,"Have You Practiced Enough?
Released in 2024.

**Tracklist:**
1. I Broke It
2. Magic Words
3. Are We Classy?
4. Loopsided
5. Questions Make People Angry","- Digipak
- Album art designed by us!","- All CDs are sandwiched between rigid cardboard stiffeners and shipped in a heavy-duty recycled bubble-lined mailer to provide maximum crush resistance!
- They're also 'shake tested' before shipping: if we hear the disc rattling, we open it up and secure it (or add a foam stopper) so it doesn't get scratched in the mail. You bet we're thoughtful! Not demure, though."
164,1,CD,WHLM,001,Right-Over-Left-Under-whelmed CD,"New 2025 Release! We're back and were wondering: *Don't you often feel... Whelmed?* Let's talk about that!

**Tracklist:**
1. Look At Them Go!
2. Under-monied
3. FFS Go Read A Book!
4. Valkyries & Mermaids
5. Scratch That
6. Overcooked
7. Always Ask If It's Made Of Box
8. Super Powered Paracetamol!
9. Right And Left Arrows
10. Pierogis Are Gyoza And Gyoza Are Rissoles
11. Plasticity
12. Courage
13. Bottles And Caps And No Naps
14. What Else Is New?","- Plastic Jewel Case
- Album art designed by us!","- All CDs are sandwiched between rigid cardboard stiffeners and shipped in a heavy-duty recycled bubble-lined mailer to provide maximum crush resistance!
- They're also 'shake tested' before shipping: if we hear the disc rattling, we open it up and secure it (or add a foam stopper) so it doesn't get scratched in the mail. You bet we're thoughtful! Not demure, though."
181,1,CD,BIRD-COLLB,001,Shut Up & Feed My Birds (The Birdsong Ambient Remixes) x DJ Crowbar CD,"A relaxing collaboration with 'DJ Crowbar'. We replaced all the guitar solos with field recordings of angry magpies. Perfect for meditation or scaring away *unwanted* houseguests.

**Tracklist:**
1. Be Kind To Crows (The 'Murder of One' Remix)
2. Bird Watching (4 AM Morning Chorus Edit)
3. Stealthy (Magpie Surveillance Mix)
4. International Shenanigans (Flight Path Ambience)
5. Curiosity (The Shiny Object Edit)
6. Brains (Zombie Bird Reprise)","- Digipak
- Album art by FictionalArtist123!","- All CDs are sandwiched between rigid cardboard stiffeners and shipped in a heavy-duty recycled bubble-lined mailer to provide maximum crush resistance!
- They're also 'shake tested' before shipping: if we hear the disc rattling, we open it up and secure it (or add a foam stopper) so it doesn't get scratched in the mail. You bet we're thoughtful! Not demure, though."
182,1,CD,THNK-COLLB,001,H.Y.T.T.? (The Debate Club Commentary Track) x That One Guy Who Plays Devil's Advocate CD,"A 2-CD collaboration with 'That One Guy Who Plays Devil's Advocate'. Includes the full album plus a second disc where our favorite contrarian argues with every single lyric we wrote.

**Disc 2 Tracklist:**

1. Intro: Why the Title is Factually Incorrect
2. It's Great! (Is it, though? A 10-minute rebuttal)
3. Critical! (The Case for Nuance)
4. Spices (A Debate on Scoville Scales)
5. Big Brother (Actually, I think he's just tall)
6. Closing Statements (I’m still right, you're still wrong)","- 2-Disc Digipak with center tray
- Album art by FictionalArtistLOL007!","- All CDs are sandwiched between rigid cardboard stiffeners and shipped in a heavy-duty recycled bubble-lined mailer to provide maximum crush resistance!
- They're also 'shake tested' before shipping: if we hear the disc rattling, we open it up and secure it (or add a foam stopper) so it doesn't get scratched in the mail. You bet we're thoughtful! Not demure, though."
183,1,CD,WHLM-COLLB,001,WHLM (The Directions Unclear Audio Guide) x Broken GPS Unit CD,"A collaboration with a 'Broken GPS Unit'. A robotic voice provides unhelpful navigation between every song. It’s the most immersive way to experience being truly whelmed.

**Tracklist:**
1. Look At Them Go! (Recalculating...)
2. Under-monied (In 500 Feet, Despair)
3. FFS Go Read A Book! (Turn Left at the Library)
4. Overcooked (Destination is on the Right... Maybe?)
5. Plasticity (Proceed to the Highlighted Route)
6. What Else Is New? (You Have Arrived at a Dead End)","- Eco-friendly Digipak
- Album art by FictionalCollectiveC3P0!","- All CDs are sandwiched between rigid cardboard stiffeners and shipped in a heavy-duty recycled bubble-lined mailer to provide maximum crush resistance!
- They're also 'shake tested' before shipping: if we hear the disc rattling, we open it up and secure it (or add a foam stopper) so it doesn't get scratched in the mail. You bet we're thoughtful! Not demure, though."
101,1,VYL,SPRK,001,Spark: The Fever Dream Remixes (Rare 2019 Pressing) Vinyl,"*The Vault is officially open.* Before the corporate emails and the sweater weather, there was a spark. Originally released in 2019 as a boutique physical-store exclusive, we’ve unearthed the final remaining stock of this rare 12"" remix record. **Limited to stock on hand!**

This isn't just a trip down memory lane; it’s a high-energy reimagining of the tracks that defined our debut. **Featuring heavy-hitting remixes from FamousComposerA, FamousBandB, and the Mockup Music Collective, this is the ""Spark"" that refused to go out.**

**Music with a Mission:** We’re still playing for the paws. All profits from this release go directly to SOS Animal Portugal, an Environmental NGO and non-profit dedicated to animal and environmental protection.

**TRACKLIST:**
**Side A: The Fever**
1. Fever Dream (FamousComposerA Remix)
2. Fever Dream (FamousComposerB Remix - Radio Edit)
3. Fever Dream (Album Version)

**Side B: The Scramble**
1. Just 5 More Minutes! (Mockup Music Collective Remix)
2. Just 5 More Minutes! (Radio Edit)
3. Just 5 More Minutes! ft. TheBlackCat (FamousComposerB Remix)","- **180g ""Classic Midnight"" Black Vinyl:** The audiophile standard for deep bass and crisp highs—because classics don't need to shout to be heard.
- **350gsm High-Gloss Jacket:** A brilliant, reflective finish to mirror the ""Spark"" that started the band.
- **Black Poly-Lined Inner Sleeve:** Archival-quality, anti-static protection to keep this rare wax pristine for years.
- **""Found Stock"" Authenticity:** Since these were part of the original 2019 retail run, each copy carries the history of the indie shops they were meant for.","- **Crush-Tested Mailers:** Shipped in heavy-duty mailers with corrugated stiffeners to keep your corners crisp.
- **The Rare Care:** Given the limited nature of this ""found stock,"" we take extra care to ensure these final copies are shielded from the elements.
- **Seam-Split Prevention:** We can ship records outside of their jackets upon request—just leave a note at checkout. We do want you to enjoy our stuff, so it's the least we can do.
- **Our Promise:** We want you to feel the spark. If your record arrives looking more like ""Cursive Chaos,"" we’ll make it right."
113,1,VYL,BIRD,001,Shut Up & Let Me Feed My Birds LIMITED Vinyl,"**Our 2020 exploration of staying true to yourself is finally here!** Whether you’re bird watching, snacking, or just trying to find your red stapler, this record is the perfect companion for your daily ""International Shenanigans."" 
We’ve curated three distinct colorways to match the mood of the album, each bundled with exclusive gear to keep you cozy and your surfaces decorated. Each variant comes with an exclusive vinyl sticker and a tri-blend tee (*Unisex L size to fit everyone!*).

**CHOOSE YOUR VIBE:**
- **""Peanut Butter & Jays"" (Orange):** A vibrant, opaque orange marble that celebrates the snacks that get us through the day.
- **""Skyline Curiosity"" (Blue):** A translucent deep sea blue, inspired by looking up at the crows and wondering ""what if?""
- **""Field Notes"" (Green):** A solid forest-sage green for the paleontologist at heart.","- **180g Audiophile Vinyl:** Heavyweight wax pressed for maximum clarity across all 15 tracks.
- **Exclusive Vinyl Sticker:** 3"" weatherproof, die-cut vinyl sticker (varies by colorway).
- **L Size Premium Tri-Blend Unisex Tee:** A super-soft 50/25/25 (poly/cotton/rayon) blend that feels like a vintage favorite from the first wear.
- **Linen-Textured Jacket:** A 350gsm gatefold jacket with a ""Linen Wrap"" finish to feel like a researcher's field journal.
- **Inner Sleeve:** High-gloss ""Crow-Pattern"" dust sleeve with full lyrics and credits.","- **Crush-Tested Mailers:** Shipped in heavy-duty mailers with corrugated stiffeners to keep your corners crisp.
- **Bundle Security:** T-shirts are professionally folded and shielded from the vinyl to ensure no imprinting or pressure marks on the jacket.
- **Seam-Split Prevention:** We can ship records outside of their jackets upon request—just leave a note at checkout! We do want you to enjoy our stuff, so it's the least we can do.
- **Our Promise:** We want you to enjoy these birds. If your order arrives looking less than ""Snackalicious,"" we'll make it right."
128,1,VYL,SWTR,001,I Was Promised Sweater Weather & A Salary LIMITED VINYL,"**We promised, and we finally delivered** (*unlike that pay raise you were expecting*). Our 2021 reflection on a world changing overnight is finally available on vinyl. Whether you’re stuck in ""EFF You 101"" or sending yet another ""As Per My Last Email,"" these records are designed to be the soundtrack to your home office. 
Choose between the streamlined Standard Edition or the massive Deluxe 2LP, which features five ""lost"" tracks from the session and a deep dive into our collective psyche via a band-curated art booklet.

**The Giving Back Bit**: We’re still committed to the cause. 100% of our net proceeds from the tracks International Catastrophic and Wash Yer Hands Ya Filthy Animal will benefit Doctors Without Borders.

**Tracklist:**
*Track 13–17 exclusive to the Deluxe 2LP.*
1. International Catastrophic
2. Balance
3. Eww
4. Wash Yer Hands Ya Filthy Animal
5. Heartburn
6. As Per My Last Email
7. Degrees
8. Science!
9. Corporately Yours
10. Numbers
11. Did We Learn Anything?
12. EFF You 101
13. *You Don't Look Stupid And Yet...*
14. *The Classics*
15. *Bottles*
16. *Nail-Biting*
17. *Chocolate Bar*","**STANDARD EDITION (1LP)**
- **""Oatmeal Sweater"" Vinyl:** 140g LP in a heathered, cream-and-tan marble swirl.
- **Single-Pocket Jacket:** 350gsm whiteboard with a matte ""Eggshell"" finish.
- **Insert:** Double-sided 12"" print with lyrics and ""Working from Home"" survival tips.

**DELUXE EDITION (2LP)**
- **Disc 1 — ""Corporate Blue"":** 180g Transparent Teal (The Salary).
- **Disc 2 — ""Safety Orange"":** 180g Opaque Neon Orange (The International Catastrophe).
- **The ""Hobby"" Booklet:** A 12-page, 8""x8"" booklet on 80lb Gloss Paper featuring exclusive, original artwork created by each band member during lockdown.
- **Gatefold Jacket:** Heavy-duty 400gsm board with Spot-UV gloss on the tracklist numbers.","- **Crush-Tested Mailers:** Shipped in heavy-duty mailers with corrugated stiffeners to keep your corners crisp.
- **Deluxe Handling:** Because the 2LP is a heavier package, we use extra-thick padding to ensure the gatefold spine stays perfect.
- **Seam-Split Prevention:** We can ship records outside of their jackets upon request—just leave a note at checkout. We do want you to enjoy our stuff, so it's the least we can do.
- **Our Promise:** We want you to enjoy these tracks. If your salary (or your sweater) arrives damaged, we’ll make it right."
141,1,VYL,THNK,001,H.Y.T.T.? — Limited Edition Red & Purple Marbled Vinyl — Plus Goodies,"Presenting a Limited Edition Red & Purple Marbled Vinyl of our 2023 album (*wohoo!*). This is the first time these tracks have ever touched wax, and we’ve made sure it’s the definitive version. We took the ""Thought-Stream"" colorway and paired it with a few extras for those of you who—like us—spend way too much time overthinking the details.

From a locked groove that keeps the ""Thinking"" going forever to a lyric sheet that looks like a late-night brainstorm, this is for the collectors who’ve been with us since day one. And because we know you'll ask: **No, we still don't have it in black.**

**INCLUDED GOODIES:**
- **Random A6 Photocard:** One of four unique shots of the band, hand-autographed and ready for your wall (or your shrine, we don't judge).
- **""Mind-Map"" Fold-out Lyric Poster:** A 12""x12"" flow-chart design mapping out the brain-fuzz behind every track.
- **Side B ""Infinite Thought"" Locked Groove:** An endless loop of the title phrase that plays until you manually lift the needle.
- **""Not In Black"" Hype Sticker:** A limited edition collectible sticker for your record outer sleeve or laptop.
- **Soft-Touch Matte Gatefold Jacket:** Premium tactile packaging that feels as smooth as the music sounds.","- **Vinyl:** 180g Heavyweight Red & Purple Marble (Semi-Opaque)
- **Photocard:** A6-sized heavy cardstock (350gsm) with silk finish
- **Poster:** 120lb Uncoated Offset Paper (12""x12"")
- **Hype Sticker:** Scuff-resistant Removable Matte Vinyl
- **Jacket:** 400gsm SBS White Board with Soft-Touch ""Velvet"" Lamination","- **Crush-Tested Mailers:** We use heavy-duty mailers with corrugated stiffeners to keep your corners crisp and ding-free.
- **The Goodie Sandwich:** To keep your A6 photocard and 12x12 poster from sliding or creasing, we tuck them inside a resealable archival poly-sleeve before packing.
- **Seam-Split Prevention:** Want your record shipped outside the jacket? Just leave a note at checkout and we’ll handle the extra prep. We do want you to enjoy our stuff, so it's the least we can do.
- **Weather Protection:** Everything is moisture-wrapped because rain belongs in a moody bridge, not on your lyrics.
- **Our Promise:** We want you to love this thing. If your ""Mind-Map"" arrives looking like a ""Mind-Mess,"" just reach out—we’ll make it right."
152,1,VYL,HYPE,001,H.Y.P.E. EP — Tri-Color — One-Year Limited Anniversary Vinyl,"For this **ONE YEAR anniversary of H.Y.P.E.**, we wanted a look that felt like a messy rehearsal room hidden inside a high-end art gallery. 
**Grab your copy of this limited edition tri-color vinyl.** No other vinyl pressings have been made for this EP. *Have we mentioned it's autographed?*

**Tracklist:**
1. I Broke It
2. Magic Words
3. Are We Classy?
4. Loopsided
5. Questions Make People Angry
6. Questions Make People Angry (Live at FamousImaginaryStadium)
7. Magic Words (ft. AnotherCoolArtist)

**The Tri-Color Pour, a stunning three-segment split featuring:**
- **Translucent Neon Pink** — For the ""Magic"" and the stage lights.
- **Ultra-Clear** — For the transparency of the ""Questions.""
- **Opaque Caution Yellow** — A solid, industrial anchor for the ""I Broke It"" energy.

**Hand-Autographed:** Every single copy is hand-signed by us in Fluorescent Pink ink across the front cover.

**The ""Practice Room"" Jacket:** Housed in a ""Reverse-Board"" matte jacket (it feels like raw heavy cardstock) with Premium Silver Foil Stamping for the tracklist.

**Center Labels:** Designed to look like a coffee-stained composition notebook page with ""ONE YEAR LATER"" circled in red.

**Note:** *This is a one-time limited pressing. Once the ""Neon Industrial"" copies are gone, we’re back to the practice room. No represses are planned.*","- As the record rotates at 33 1/3 RPM, the mix of translucent and solid colors creates a ""strobe"" effect on your platter.
- 160g ""Mid-Weight"" hybrid vinyl for durability and high-fidelity sound.","- All vinyl is shipped in heavy-duty, crush-tested mailers with corrugated stiffeners to prevent corner dings! To avoid seam splits, we can ship records outside of their jackets upon request—just leave a note at checkout. We do want you to enjoy our stuff, so it's the least we can do."
165,1,VYL,WHLM,001,Right-Over-Left-Under-whelmed 4 VERSION Vinyl,"So, since we're all *whelmed* anyway, we made sure the physical wax looks exactly how the music feels: chaotic, beautiful, and slightly confusing. And guess what: **WE'VE GOT 4 VERSIONS AVAILABLE. Choose your direction!**

- **The ""Up"" Version — Obsidian Vinyl:** Not just black—Obsidian. This is a deep, high-gloss opaque black with a mirror-like finish. It’s the ""classic"" choice for those who want their existential dread to look sleek and expensive.
- **The ""Down"" Version — Pearl Vinyl:** An ethereal, iridescent finish. We used a White Mother-of-Pearl swirl that catches the light and shifts between silver and cream. It’s the visual equivalent of a soft sigh.
- **The ""Right"" Version — Rainbow Vinyl:** Total saturation. This isn't just one color; it’s all of them. Each record is a Hand-Poured Splatter, meaning no two ""Right"" versions are the same. It’s a literal explosion of color to distract you from the fact that you’re Under-monied.
- **The ""Left"" Version — Blurred Vinyl:** For when things aren't quite clear. This version features a Translucent Smoke/Haze effect. It looks like a cloud caught inside the plastic—perfect for staring at while listening to Plasticity. It’s out of focus, just like a 5-year plan.","- **OBS:** 12"" 180g Heavyweight Opaque Black.
- **PRL:** 12"" Opaque White & Silver Metallic Marble Mix.
- **RBW:** 12"" Transparent Base with Multi-Color ""Rainbow"" Splatter (Red, Orange, Yellow, Green, Blue, Violet).
- **BLR:** 12"" Ultra-Clear Vinyl with a ""Deep Purple & Grey Haze"" center-pressed blur.","- All vinyl is shipped in heavy-duty, crush-tested mailers with corrugated stiffeners to prevent corner dings! To avoid seam splits, we can ship records outside of their jackets upon request—just leave a note at checkout. We do want you to enjoy our stuff, so it's the least we can do."
184,1,VYL,SPRK-COLLB,001,Spark (The Symphonic Edition) x The Royal Kazoo Orchestra Vinyl,"We collaborated with 'The Royal Kazoo Orchestra' to re-record our debut album. It's exactly as majestic and annoying as you imagine. Includes the 12-minute overture of 'I Have An Idea' performed entirely on slide whistles.

**Tracklist:**
1. I Have An Idea (The 12-Minute Slide Whistle Overture)
2. Cursive Chaos (Concerto in K-Major)
3. Feed My Soul (Unplugged & Unhinged)
4. Fever Dream (The Grand Finale)","- **Vinyl:** 180g ""Brass & Spit"" Gold Metallic Vinyl.
- **Jacket:** 350gsm Gatefold with a High-Gloss mirror finish.
- **Sleeve:** Poly-lined anti-static black inner sleeve.","- All vinyl is shipped in heavy-duty, crush-tested mailers with corrugated stiffeners to prevent corner dings! To avoid seam splits, we can ship records outside of their jackets upon request—just leave a note at checkout. We do want you to enjoy our stuff, so it's the least we can do."
185,1,VYL,SWTR-COLLB,001,Sweater Weather (The Lo-Fi Sleepy Sessions) x Beats To Nap To Vinyl,"We teamed up with 'Beats To Nap To' for this downtempo version of the album. It's slower, fuzzier, and guaranteed to make you fall asleep at your desk. Comes in a 'Lint Grey' colorway.

**Tracklist:**
1. International Catastrophic (Rainy Window Mix)
2. Balance (Coffee Shop Ambience Edit)
3. Eww (Low Fidelity / High Comfort)
4. As Per My Last Email (The Slumber Suite)
5. EFF You 101 (The Lullaby)","- **Vinyl:** 140g ""Lint Grey"" Marbled Vinyl (White & Charcoal mix).
- **Jacket:** 400gsm Board with Soft-Touch ""Velvet"" Lamination.
- **Inner:** 120lb Uncoated Offset Paper tactile sleeve.","- All vinyl is shipped in heavy-duty, crush-tested mailers with corrugated stiffeners to prevent corner dings! To avoid seam splits, we can ship records outside of their jackets upon request—just leave a note at checkout. We do want you to enjoy our stuff, so it's the least we can do."
186,1,VYL,HYPE-COLLB,001,H.Y.P.E. (The Chiptune Demake) x 8-Bit Bandit Vinyl,"We collaborated with '8-Bit Bandit' to crush our songs down to their pixelated bones. Sounds like a Game Boy falling down the stairs. The vinyl is shaped like a giant floppy disk (*it's not, but it looks like one*).

**Tracklist:**
1. I Broke It (Level 1-1)
2. Magic Words (Save Room Theme)
3. Are We Classy? (The Final Boss Battle)
4. Loopsided (Loading Screen Loop)
5. Questions Make People Angry (GameOver / High Score)","- **Vinyl:** 160g ""Magnetic Charcoal"" Grey Vinyl.
- **Labels:** Custom-printed center labels to look like 3.5"" Floppy Disks.
- **Jacket:** 350gsm Matte Board with Spot-UV Pixel Art detailing.","- All vinyl is shipped in heavy-duty, crush-tested mailers with corrugated stiffeners to prevent corner dings! To avoid seam splits, we can ship records outside of their jackets upon request—just leave a note at checkout. We do want you to enjoy our stuff, so it's the least we can do."
102,2,TEE,SPRK,001,CTH SPARK-Y Screenprinted Tee,"A classic unisex tee featuring original SPARK graphics screenprinted on both the front and back. It’s the ""day one"" look for those who were there when the corporate burnout first turned into music.","- Designed by us!
- 100% GOTS Certified Organic Cotton (180 g/m²)
- Side-seamed retail fit
- Printed with eco-friendly water-based discharge ink for a ""zero-feel"" soft texture",- Shipped with a recycled paper tag and in a biodegradable plastic-free bag.
103,2,TEE,SPRK,002,Clickety-Clack Mode Screenprinted Tee,"For the desk warriors. This design features a detailed mechanical keyboard blueprint where keycaps are replaced with emotional states like ""Panic,"" ""Nap,"" and ""Spark.""","- Designed by us!
- 100% Organic Cotton
- High-definition screenprint for fine-line detail
- Features a tear-away label to prevent ""itchy-neck"" distractions",- Shipped with a recycled paper tag and in a biodegradable plastic-free bag.
114,2,TEE,BIRD,001,Feed My Birds DinoBird Tweet Comfy Tee,Pay homage to the majestic DinoBird—the screaming ancestor of the modern crow (probably). It’s 100% cotton and 0% nuance for those who prefer real-life shouting over online tweeting.,"- Designed by us!
- 100% Ring-Spun Cotton (180 g/m²)
- Pre-shrunk mid-weight fabric
- Seamless twin-needle 7/8"" collar for a classic concert-tee silhouette",- Shipped with a recycled paper tag and in a biodegradable plastic-free bag.
115,2,TEE,BIRD,002,"Extweet me, I have plucking birdness to take care of Premium Vintage Denim Tee","Have birdness to tend to? We get it. There's a plucking lot on your plate. How about you take care of your birdness while wearing this super soft (and relaxed!) unisex tee?
Besides, while this piece pays hommage to our 'Shut Up & Let Me Feed My Birds' album, the theme isn't too on the nose—ahem beak— AND you get to add a cool 80s denim-washed 'airbrush aesthetic' piece to your wardrobe!","- Designed by us!
- 100% Combed Cotton
- Custom Garment-Dye Acid Wash finish
- Dropped shoulders with a boxy, retro fit",- Shipped with a recycled paper tag and in a biodegradable plastic-free bag.
129,2,TEE,SWTR,001,This Is Not A Sweater Tee,*Ceci n'est pas un sweater.* It's a t-shirt that identifies as knitwear. Perfect for when it's too hot for actual sweater weather but you still want to channel that 'cozy but disappointed' energy.,"- Designed by us!
- 100% ""Sueded"" Cotton (brushed for a soft, peach-skin feel)
- Features high-quality tonal embroidery on the chest
- Relaxed unisex sizing",- Shipped with a recycled paper tag and in a biodegradable plastic-free bag.
142,2,TEE,THNK,001,Try Thinking Ringer Tee,A vintage-inspired ringer for the heavy overthinkers. This contrast-heavy design pairs perfectly with an existential crisis and a good pair of headphones.,"- Designed by us!
- 100% Combed Ring-Spun Cotton (145 g/m²)
- 1x1 rib-knit contrast neck and armbands in ""Critical Red""
- Lightweight, breathable fit",- Shipped with a recycled paper tag and in a biodegradable plastic-free bag.
143,2,TEE,THNK,002,Do You Have This In Black? Tee,"A completely black-on-black tee. The text ""Do You Have This In Black?"" is printed in glossy black ink on a matte black shirt. Subtle and ironic. Slightly different design from our hoodie variant.","- Designed by us!
- 100% Premium Matte Cotton
- Printed with High-Density Gloss Silicone ink for a raised, light-catching 3D effect",- Shipped with a recycled paper tag and in a biodegradable plastic-free bag.
153,2,TEE,HYPE,001,Loopsided Oversized Tee,"A heavyweight streetwear statement based on the Loopsided track. One side features perfect geometry; the other is a melted, glitched-out mess.","- Designed by us!
- 100% Organic Cotton (Heavyweight 255 g/m²)
- 3.5% Lycra mock neck ribbing for a premium, tight collar
- Extra-wide boxy fit with lengthened sleeves",- Shipped with a recycled paper tag and in a biodegradable plastic-free bag.
154,2,TEE,HYPE,002,Are We Classy? Raglan Tee,"Featuring the permanently tilted/crooked wine glass. It looks like a spill waiting to happen, but the base is stable—just like our career choices.","- Designed by us!
- Poly-Cotton Blend (50/50)
- 3/4 length contrast sleeves in ""Merlot Red""
- Scalloped shirt-tail hem for a sporty finish",- Shipped with a recycled paper tag and in a biodegradable plastic-free bag.
166,2,TEE,WHLM,001,"Red, Hot and Whelmed Tie-Dye Tee","Are you WHELMED? Regardless of which kind you're feeling, let's hope this comfy tee can help you out. Best of all, 100% of profits are donated to a mental health charity.","- Designed by us!
- Hand tie dyed (woohoo!) and hand screen-printed on a 100% Pre-shrunk Heavyweight Cotton Tee (Oooo, you know it's gonna be soft!)
- Double-needle stitched neck and sleeves",- Shipped with a recycled paper tag and in a biodegradable plastic-free bag.
187,2,TEE,BIRD-COLLB,001,"Well, Actually — CrowMissMam x FictionalArtist Tee","We collaborated with FictionalArtist123 to bring you this masterpiece... And it's high culture, folks. High-culture judgmental bird art. Features CrowMissMam looking suspiciously at your life choices. Perfect for art galleries or parks.","- Exclusive collab art with FictionalArtist123
- 100% Premium Heavyweight Cotton (220 g/m²)
- Multi-pass screenprint for maximum color longevity and vibrancy",- Shipped with a recycled paper tag and in a biodegradable plastic-free bag.
188,2,TEE,THNK-COLLB,001,Spices Are My Passion Tee,"A high-art collaboration with the 'ComicalSpicesCollective'. We broke the Scoville scale. If this design makes you thirsty, it's working.","- Exclusive collab art with ComicalSpicesCollective
- 100% Heavy Cotton
- Intentional off-registration screenprinting
- Secret text printed inside the neck",- Shipped with a recycled paper tag and in a biodegradable plastic-free bag.
104,2,HDD,SPRK,001,Just 5 More Minutes Oversized Hoodie,"The ultimate ""I'm not ready for the corporate world"" garment. This slouchy, oversized hoodie in Sleepy Blue features a Dali-inspired melting clock on the back, with the title text dripping down the spine like a slow Monday morning.","- Designed by us!
- 100% Premium Heavyweight Cotton Face
- 340 g/m² for maximum ""weighted blanket"" comfort
- Extra-oversized drop-shoulder silhouette
- No-shrink fleece",- Shipped with a recycled paper tag and in a biodegradable plastic-free bag.
116,2,HDD,BIRD,001,Feed My Birds Zip Hoodie,"Designed for high-speed escapes. Whether you're dodging a ""quick sync"" or heading to the park to bribe crows, this zip-up allows for a tactical retreat. Features a subtle corvid wing silhouette on the hood.","- Designed by us!
- 50% cotton, 50% polyester (270 g/m²)
- Soft fleece fabric inside and outside
- Front pouch pockets & metal zipper
- Double-lined hood for hiding from HR",- Shipped with a recycled paper tag and in a biodegradable plastic-free bag.
144,2,HDD,THNK,001,Do You Have This In Black? Hoodie,"The big sibling to our iconic tee. A textured, black-on-black masterpiece. A chaotic pattern of the title question in 12 different fonts is printed in glossy ink across the chest and hood. Slightly different design from our tee variant.","- 80% Cotton, 20% Poly-blend Matte Fleece
- High-Density Glossy 3D Puff Print (tone-on-tone black)
- Matching black metal aglets (the plastic bits on the strings)",- Shipped with a recycled paper tag and in a biodegradable plastic-free bag.
155,2,HDD,HYPE,001,H.Y.P.E Pocket Hoodie,"Features a reinforced front pocket specifically engineered to hold your anxieties (and maybe a snack). Emblazoned with the H.Y.P.E. loading logo on the chest, signaling that you are currently at 99% capacity and likely to crash.","- 70% Soft-combed Cotton, 30% Polyester
- Tech-fleece lining; smartphone-sized internal ""secret"" pocket inside the pouch
- Glow-in-the-dark ""Loading..."" bar on the left sleeve",- Shipped with a recycled paper tag and in a biodegradable plastic-free bag.
130,2,HDD,SWTR,001,As Per My Last Email Hoodie,"You wanted Sweater Weather, but life gave you a hoodie. This piece features a cozy skeleton print on the front, holding a coffee cup, screaming ""I am dead inside but warm on the outside."" Perfect for passive-aggressive drafting sessions or recovering from ""International Catastrophic"" events. ","- Designed by us!
- 80% Ring-Spun Cotton, 20% Polyester
- 320 g/m² (Heavy-duty fleece)
- Soft-washed, garment-dyed fabric for a vintage, ""lived-in"" feel",- Shipped with a recycled paper tag and in a biodegradable plastic-free bag.
178,2,HDD,MIX,001,Chaos Compilation Tour Hoodie,"Why choose an era when you can have the breakdown? A mashup design where the Spark lightbulb fights the Hype glitch while the Sweater Weather skeleton watches the carnage. Includes a back-print of ""Tour Dates That Never Happened"" (Canceled due to: Existential Dread).","- Designed by us!
- 80% Cotton, 20% Polyester
- High-quality multi-color screenprint across the back and sleeves
- Standard unisex fit",- Shipped with a recycled paper tag and in a biodegradable plastic-free bag.
167,2,HDD,WHLM,001,No Naps Tour Hoodie,"Inspired by Bottles And Caps And No Naps. For the nights that turn into mornings fueled by caffeine and questionable life choices. Features jittery, frantic typography on the back and a 'Sleep is for the weak' patch on the sleeve.
Warning: Does not actually replace sleep.","- Designed by us!
- 80% Cotton, 20% Poly-fleece
- Distressed ""coffee-stain"" aesthetic print
- Woven sleeve patch
- Heavy-duty ribbed cuffs for ""jitters"" protection",- Shipped with a recycled paper tag and in a biodegradable plastic-free bag.
189,2,HDD,SWTR-COLLB,001,Executive Dysfunction Hoodie,"A collaboration with Procrastination Nation. The logo is only 80% finished, and the drawstrings are missing because we forgot to order them. It's not a defect; it’s a commitment to the bit.","- Designed by us!
- 80% Cotton, 20% Poly-blend
- Intentionally missing drawstrings
- Raw-edge ""unfinished"" hem
- 100% authentic procrastination energy",- Shipped with a recycled paper tag and in a biodegradable plastic-free bag.
105,2,SWT,SPRK,001,Harmoniously Sparky Sweatshirt,"A sweatshirt so harmonious it hums in the key of C Major (not really, please don't hold the fabric to your ear in public). This represents the early 'Spark' era where we thought we had good ideas. We were wrong about the ideas, but we were very right about this sweatshirt.","- Designed by us!
- 80% Organic Cotton, 20% Recycled Polyester fleece
- 290 g/m² (Mid-weight)
- Classic crewneck with V-stitch detailing
- Screenprinted with soft-hand eco-inks",- Shipped with a recycled paper tag and in a biodegradable plastic-free bag.
131,2,SWT,SWTR,001,Sweater Weather Is Here! Chunky Knit Sweater,"We had to!
And we finally did it. No more irony, just pure warmth. This is the actual chunky knit we promised back in 2021. It’s thick, cozy, and has that ""spent all afternoon in a library"" vibe. And most importantly: We promise it is NOT itchy.","- Designed by us!
- 100% Custom-dyed Heavyweight Acrylic Yarn
- 5-gauge chunky cable knit pattern
- Oversized/Relaxed fit
- Ribbed cuffs and waistband",- Shipped with a recycled paper tag and in a biodegradable plastic-free bag.
132,2,SWT,SWTR,002,As Per My Last Email Ugly Christmas Sweater,"The ultimate holiday office party weapon. Featuring a festive jacquard pattern of ""Send"" icons, paperclips, and exclamation marks. The center text shouts ""As Per My Last Email"" in aggressive red letters so you don't have to.","- Designed by us!
- 100% Jacquard Knit Acrylic (Soft-touch)
- Full-knit design (not a print!)
- Reinforced neck seams for durability during seasonal stress",- Shipped with a recycled paper tag and in a biodegradable plastic-free bag.
145,2,SWT,THNK,001,Delightful News Oversized Knit (Tattoo Sleeve Edition),"Inspired by the track ""Delightful News To Someone Who Cares,"" this sweater is a high-fashion shrug aimed at the 24-hour news cycle. It’s designed for those who find the world's ""breaking updates"" a bit much, preferring to focus on their own niche delights. The body features a raw, ""unfinished"" aesthetic with reverse seams, while the contrast sleeves are intarsia-knit with scrolling text and motifs that mimic traditional tattoos—representatives of the stories we actually choose to keep.","- Designed by us!
- 40% Viscose, 30% Nylon, 25% Acrylic, 5% Cashmere (The ""Niche Luxury"" Blend)
- Intarsia Tattoo Sleeves: High-contrast knit patterns flowing down both arms
- Deconstructed Finish: Reverse-seam detailing and unhemmed edges that roll naturally with wear
- Neckline: Rolled-edge mock neck for a relaxed, non-restrictive fit
- True oversized: Unisex and drapey",- Shipped with a recycled paper tag and in a biodegradable plastic-free bag.
168,2,SWT,WHLM,001,Up-Down-Right-Left All Over Pattern Pullover,"A thinner, more sophisticated knit for when you're feeling moderately whelmed. The smooth, tight weave features an all-over geometric pattern of directional arrows, representing the total confusion of the WHLM era.","- Designed by us!
- 100% Combed Cotton Fine-Gauge Knit
- Slim-to-regular fit; perfect for layering under the ""Executive Dysfunction"" hoodie
- All-over Jacquard pattern (pattern is knit into the fabric, not printed)",- Shipped with a recycled paper tag and in a biodegradable plastic-free bag.
169,2,SWT,WHLM,002,Pierogis Are Gyoza Sweatshirt,"End the debate once and for all. This super-comfy sweatshirt features a Venn Diagram of dumplings. The holy intersection of Pierogi, Gyoza, and Rissoles is simply labeled: ""Delicious Pillows.""","- Designed by us!
- 100% Organic Cotton French Terry (unbrushed loops inside)
- 355 g/m² (Heavyweight)
- High-density puff print on the diagram to make the ""pillows"" feel 3D",- Shipped with a recycled paper tag and in a biodegradable plastic-free bag.
117,2,BNI,BIRD,001,Birbs! All-Over Beanie,"A chaotic jacquard knit featuring silhouettes of crows, magpies, and the occasional DinoBird ancestor. It’s a subtle ""I’d rather be outside"" statement for your next commute.","- Designed by us!
- 100% Soft-Touch Acrylic (Vegan-friendly)
- Tight-weave jacquard knit
- Double-layered
- 21 cm width (flat) with high stretch-recovery",- Shipped with a recycled paper tag and in a biodegradable plastic-free bag.
118,2,BNI,BIRD,002,Check Your Sources Beanie,"A trendy fisherman-style beanie with a woven patch that looks like a ""Fact Check"" warning label. It verifies the only source that matters: ""Trust Me, I'm A Bird.""","- Designed by us!
- 100% Hypoallergenic Acrylic
- Shallow ""Fisherman"" fit designed to sit above the ears
- Heavy-ribbed knit
- 18 cm crown height",- Shipped with a recycled paper tag and in a biodegradable plastic-free bag.
156,2,BNI,HYPE,001,H.Y.P.E. Broken Beanie,"Official merchandise for the H.Y.P.E: Have You Practiced Enough? era. Features a ""glitched"" embroidery of the logo that looks like it’s mid-crash. For those operating at 99% capacity.","- Designed by us!
- 100% Soft-Spun Acrylic
- Distressed-look knit with 3D ""glitch"" embroidery
- 20 cm fold-over cuff
- Standard 22 cm width",- Shipped with a recycled paper tag and in a biodegradable plastic-free bag.
133,2,BNI,SWTR,001,Freezing My Ears Off Beanie,"Science says you lose heat through your head—or maybe that’s a myth? Check your sources! Inspired by the track ""Degrees,"" this beanie is for when the office AC is set to ""Arctic Tundra."" Featuring a tiny embroidered shivering raccoon on the cuff.","- Designed by us!
- 100% Thermal Acrylic Wool-blend
- Classic cuffed beanie
- 12-gauge ""waffle"" knit for superior heat retention",- Shipped with a recycled paper tag and in a biodegradable plastic-free bag.
170,2,BNI,WHLM,001,Wrong Way Beanie,"Based on the track ""Right And Left Arrows."" We’ve embroidered the directional arrows pointing in completely the wrong directions just to mess with anyone walking behind you. Perfect for when you're feeling 'Under-whelmed' by life's navigation.","- Designed by us!
- 100% Premium ""No-Itch"" Acrylic
- High-profile beanie with a heavy-duty cuff
- Custom directional embroidery (5,000+ stitch count for durability)",- Shipped with a recycled paper tag and in a biodegradable plastic-free bag.
106,2,BNI,SPRK,001,5 More Minutes Sleepy Beanie,"Dedicated to our 2018 anthem ""Just 5 More Minutes!"". This slouchy, oversized beanie is designed to be pulled down over your eyes when you need the world to go away. It’s not laziness; it’s protecting your Spark from the harsh light of reality.","- Designed by us!
- 100% GOTS Certified Organic Cotton
- Slouchy, dual-layer ""jersey"" knit for a lightweight, breathable feel
- ~190 g/m² fabric weight
- 28 cm length for maximum ""eye-covering"" potential",- Shipped with a recycled paper tag and in a biodegradable plastic-free bag.
119,3,BLN,BIRD,001,Derpy DinoBirds Sherpa Blanket,"Wrap yourself in the prehistoric chaos of the Derpy DinoBirds. These creatures have no thoughts, just vibes—and now, you can too. It’s the perfect shroud for ignoring deadlines and retreating into a soft, feathered past.","- Designed by us!
- 100% Polyester Sherpa Fleece (Two-sided: smooth print face with fuzzy sherpa lining)
- ~480 g/m² (Ultra-heavyweight and plush)
- Small (SML): 94 cm x 145 cm
- Medium (MED): 127 cm x 152 cm
- Large (LRG): 152 cm x 203 cm",- Shipped with a recycled paper tag and in a biodegradable plastic-free bag.
134,3,BLN,SWTR,001,Sweater Weather Sherpa Blanket,"When the corporate AC is set to ""Morgue,"" but you desire ""Toast."" This isn't just a blanket; it's technically office supplies. Tell your boss it’s essential PPE for surviving the Sweater Weather era.","- Designed by us!
- 100% Polyester Sherpa Fleece
- ~480 g/m²
- Small (SML): 94 cm x 145 cm
- Medium (MED): 127 cm x 152 cm
- Large (LRG): 152 cm x 203 cm",- Shipped with a recycled paper tag and in a biodegradable plastic-free bag.
157,3,BLN,HYPE,001,Magic Words Fleece Blanket,Cast a spell on your terminal. This super-fuzzy blanket features a pattern of sudo commands mixed with wizard stars and wands. It’s for those who believe coding is just a modern form of dark magic.,"- Designed by us!
- 100% Polyester Soft-Touch Fleece (Single-layer minky style)
- ~300 g/m² (Lightweight but incredibly insulating)
- Small (SML): 94 cm x 145 cm
- Medium (MED): 127 cm x 152 cm
- Large (LRG): 152 cm x 203 cm",- Shipped with a recycled paper tag and in a biodegradable plastic-free bag.
146,3,BLN,THNK,001,Do You Have This In Black? Blanket,"You asked, we delivered. It’s a black blanket with black stitching and black text that asks the titular question. It is the physical manifestation of your soul and the ideal tool for hiding from Big Brother or society in general.","- Designed by us!
- 100% Premium Polyester Sherpa Fleece
- High-definition ""Black-on-Black"" sublimation print
- ~480 g/m²
- Small (SML): 94 cm x 145 cm
- Medium (MED): 127 cm x 152 cm
- Large (LRG): 152 cm x 203 cm",- Shipped with a recycled paper tag and in a biodegradable plastic-free bag.
171,3,BLN,WHLM,001,Missing Asset Blanket,"Is reality under-whelming you? Wrap yourself in a glitch. Inspired by the track 'Plasticity', this blanket features the iconic bright pink and black checkerboard pattern of a missing video game texture. You didn’t forget to buy a design; the universe just failed to load it.","- Designed by us!
- 100% Polyester Sherpa Fleece
- ~480 g/m²
- Anti-pill finish to keep your glitch looking sharp
- Small (SML): 94 cm x 145 cm
- Medium (MED): 127 cm x 152 cm
- Large (LRG): 152 cm x 203 cm",- Shipped with a recycled paper tag and in a biodegradable plastic-free bag.
120,3,TOT,BIRD,001,Red Stapler Canvas Tote,"Carry your birdseed, your lunch, or the physical evidence of your corporate burnout in style. Featuring a large-scale print of the Crow with the Red Stapler. It’s eco-friendly, durable, and strictly for ""Official Bird Business.""","- Designed by us!
- 100% Recycled Cotton Canvas
- 340 g/m² (Heavy-duty and sturdy)
- 38 cm x 42 cm
- 60 cm reinforced self-fabric handles",- Shipped with a recycled paper tag and in a biodegradable plastic-free bag.
135,3,TOT,SWTR,001,Filthy Animal Shopper,"Inspired by the track ""Wash Yer Hands Ya Filthy Animal."" This oversized shopper is built for hauling cleaning supplies, groceries, or just hiding the mess of your current life. It’s wider than a standard tote because your baggage deserves space.","- Designed by us!
- 100% Heavyweight Cotton Canvas
- 400 g/m² (Our thickest, most durable canvas)
- 48 cm x 37 cm x 12 cm (Gusseted bottom for extra volume)
- Cross-stitched handles for maximum load-bearing capacity",- Shipped with a recycled paper tag and in a biodegradable plastic-free bag.
158,3,TOT,HYPE,001,CSS Is Awesome Tote,"We tried to center the logo on this bag, but it overflowed into the next dimension. Inspired by ""I Broke It"" and every developer's recurring nightmare. It features a box that clearly doesn't fit in the other box. Great for carrying spaghetti code and lunch.","- Designed by us!
- 100% Cotton Canvas.
- 280 g/m² (A lighter, more flexible everyday tote)
- 38 cm x 42 cm
- High-contrast screenprint with intentional ""overflow"" design",- Shipped with a recycled paper tag and in a biodegradable plastic-free bag.
107,3,TOT,SPRK,001,Totally Normal Human Tote,"Based on the track ""Stealthy."" This bag is for the professional masker. From the outside, it looks like a regular, unassuming accessory. However, the secret inside-bottom print reveals the truth: ""I am actually three raccoons in a trench coat."" Fake it 'til you make it.","- Designed by us!
- 100% Recycled Cotton Canvas
- 300 g/m²
- 38 cm x 42 cm
- Secret Internal Print at the base of the bag
- Long handles (30 cm drop) for comfortable over-the-shoulder wear",- Shipped with a recycled paper tag and in a biodegradable plastic-free bag.
108,3,MUG,SPRK,001,Cursive Chaos Mug,"A standard white ceramic mug covered in intense, illegible black scribbles that capture the essence of a deadline-induced breakdown. Inside the rim, it neatly reads: ""I Have An Idea.""","- Designed by us!
- High-grade Ceramic
- Dishwasher and Microwave safe
- 325ml capacity
- Glossy finish","- Comes in a double-walled cardboard box with recycled paper ""nesting"" for impact protection"
121,3,MUG,BIRD,001,Feed My Birds Mug,"Features a crow judging your beverage choice with intense scrutiny. Perfect for your first ""bean water"" of the day. Do not speak until the mug is empty.","- Designed by us!
- High-grade Ceramic
- 325ml capacity
- Dishwasher and Microwave safe","- Comes in a double-walled cardboard box with recycled paper ""nesting"" for impact protection"
136,3,MUG,SWTR,001,Sweater Weather Mug,"Keeps your tea warm while you type ""As Per My Last Email"" with furious intensity. Built thick enough to withstand a mildly frustrated slam on a mahogany desk.","- Designed by us!
- Extra-thick Wall Ceramic
- 440ml (Large)
- Matte exterior with a ""Sweater Grey"" glaze
- Dishwasher and Microwave safe","- Comes in a double-walled cardboard box with recycled paper ""nesting"" for impact protection"
137,3,MUG,SWTR,002,Science! Beaker Mug,"A clear glass mug with measurement lines like a lab beaker. The top measurement line isn’t ""500ml,"" it’s labeled ""Eww.""","- Designed by us!
- Heat-resistant Borosilicate Glass (Lab Grade)
- 500ml capacity
- Printed measurement scale","- Shipped in multi-layer bubble wrap inside a rigid double-walled cardboard box with recycled paper ""nesting"" for impact protection."
159,3,MUG,HYPE,001,Loading... Spinning Center Disc Mug,"Features illustrations of people waiting in buffering-wheel agony. The other side reads ""Questions Make People Angry."" It’s the visual equivalent of a spinning beach ball on your desktop.","- Designed by us!
- Ceramic with a heat-cured wrap-around print
- 325ml capacity
- Dishwasher and Microwave safe","- Comes in a double-walled cardboard box with recycled paper ""nesting"" for impact protection"
172,3,MUG,WHLM,001,Mornings are for Whelming Mug,Start your day neither overwhelmed nor underwhelmed. Just... whelmed. Ideally used for luke-warm water or mediocre tea. The official vessel of the Right-Over-Left-Under-whelmed lifestyle.,"- Designed by us!
- Satin-finish Ceramic
- 325ml capacity
- ""Meh"" Beige interior glaze
- Dishwasher and Microwave safe","- Comes in a double-walled cardboard box with recycled paper ""nesting"" for impact protection"
147,3,MUG,THNK,001,Brain Juice Critical Mug,"Running low on critical thinking? Fill this up. Guarantees at least 15% more brain power per sip. Side effects include asking everyone ""Do You Have This In Black?""","- Designed by us!
- Ceramic
- 325ml
- High-gloss ""Inky Black"" finish
- Dishwasher and Microwave safe","- Comes in a double-walled cardboard box with recycled paper ""nesting"" for impact protection"
190,3,MUG,WHLM-COLLB,001,Valkyries & Mermaids x FamousArtistName Mug,"An epic morning battle scene interpreted by FamousArtistName. Coffee at Valhalla. It’s dishwasher safe, but hand-wash it to show some respect to the art.","- Designed by us!
- Premium Ceramic
- Dishwasher and Microwave safe
- Full-wrap vivid sublimation print
- 350ml","- Premium gift-ready box: but don't worry because it's a double-walled cardboard box with recycled paper ""nesting"" for impact protection"
191,3,MUG,SWTR-COLLB,001,Reply All Apocalypse Mug,"Designed with 'Corporate HR'. The bottom reads: ""Please remove me from this thread."" The perfect gift for that one coworker we all have.","- Designed by us!
- Ceramic
- 325ml
- Hidden base print
- Dishwasher and Microwave safe","- Discrete (to avoid HR suspicion) box: but don't worry, it's still a double-walled cardboard box with recycled paper ""nesting"" for impact protection"
122,3,COS,BIRD,001,"Coffee First, Spoons Later Coaster Set","Set of 4 cork coasters looking like coffee stains. Top text: ""Coffee First."" Bottom: ""Your Spoons Later."" Look out for the rare 5th ""Spoon"" design hidden in limited sets!","- Designed by us!
- Natural Eco-Cork
- 10cm diameter
- 5mm thickness","- Set wrapped in a recycled paper sleeve
- Shipped in a small cardboard box
- Shipped in a small cardboard box"
123,3,COS,BIRD,002,Snackalicious 3D Coaster,A limited-edition bright yellow pixel-art bird holding a glass of wine. Made of soft rubber—easy to clean after (responsible!) drinking.,"- Designed by us!
- Soft-touch PVC (Rubberized)
- 10.5cm wide
- Spill-guard raised rim",- Shipped in a biodegradable plastic-free bag
148,3,COS,THNK,001,Critical! D2-Dice-inspired Hexagon Coaster Set,"Set of 6 hexagonal coasters inspired by D20 dice. The ""1"" is a sad face; the ""20"" is a brain. Medium-hard rubber that stands up to intense gaming sessions.","- Designed by us!
- High-density Silicone/Rubber
- Hexagonal shape (10cm point-to-point)",- Shipped in a small cardboard box
173,3,COS,WHLM,001,Need Directions? Vinyl Record-looking Coaster Set,"Set of 6 double-sided coasters that look like mini vinyl records. Labeled with conflicting directions (Left, Right, Up, Scratch That).","- Designed by us!
- Grooved Vinyl-style Plastic with non-slip backing
- 10.5cm diameter","- Mini ""Record Sleeve"" themed packaging
- Shipped in a small cardboard box"
138,3,COS,SWTR,001,Please Stand By Coaster Set,Inspired by 'International Catastrophic'. Features vintage TV test patterns and 'Signal Lost' screens. Perfect for dissociating while your coffee cools. [Elevator Music Plays].,"- Designed by us!
- Cork-backed Hardboard
- High-gloss heat-resistant top
- 10cm square",- Shipped in a Kraft paper box!
160,3,MAG,HYPE,001,Sparkly H.Y.P.E.-er Magnet,"Presenting our sparkly, holographic 'Have You Practiced Enough?' magnet. It’s loud, it’s glitchy, and it’s very limited. Only 200 units exist, and a few lucky fans will receive one with a sneaky, handwritten doodle from the band on the back.","- Designed by us!
- Holographic foil finish on high-density recycled rubber
- 5 cm diameter (Circle)
- Hand-numbered 1/200",- Shipped in a fully biodegradable corn-starch ziplock bag.
124,3,MAG,BIRD,001,Shut Up & Let Me Feed My Birds Magnet Set (Limited Edition Re-Issue),"A blast from the past! We are reissuing the original 2020 set. Each pack features four unique symbols and phrases from the era—ranging from ""Quiet, Please"" vibes to ""Official Bird Business."" It’s the ultimate starter kit for the aspiring corvid befriender.","- Designed by us!
- High-shine holographic paper mounted on recycled rubber
- Set of 4 unique designs
- 7 cm x 7 cm (per magnet)",- Shipped in a fully biodegradable corn-starch ziplock bag.
161,3,MAG,HYPE,002,Magic Words Write-on/Wipe-off Magnet,"For when you need to oscillate between toxic positivity and a grocery list. Write down your daily affirmations or just a reminder that you're out of milk. When life changes (as it does rapidly), just wipe it clean and start over.","- Designed by us!
- Premium PET Whiteboard film on a flexible magnetic base
- 10 cm x 15 cm (A6 size)
- Comes with one mini dry-erase marker with a magnetic cap",- Shipped in a fully biodegradable corn-starch ziplock bag.
179,3,MAG,MIX,001,"Limited Edition ""Well, Actually"" Our Mascots Magnet Set","Rejoice, mascot fans! You can now have our judgmental cast of characters watching over your kitchen. This set features our most popular icons in a high-gloss finish, designed to make you smile (or feel slightly judged) every time you reach for the butter.","- Designed by us!
- 100% Recycled Magnetic Rubber with a high-gloss UV coating
- Set of 5 mascots
- Approx. 5-6 cm each (Varies by character)",- Shipped in a fully biodegradable corn-starch ziplock bag.
109,3,MAG,SPRK,001,Idea Loading Magnet,"Remember when you had that one good idea back in 2018? Commemorate that fleeting moment of brilliance before the burnout set in. Features the 'Spark' lightbulb in a retro pixel-art style. Sticks perfectly to any surface where you've previously pinned a ""to-do"" list you never finished.","- Designed by us!
- Flexible 0.5 mm magnetic rubber
- Matte ""Lo-fi"" laminate
- 6 cm x 6 cm",- Shipped in a fully biodegradable corn-starch ziplock bag.
174,3,MAG,WHLM,001,Super Powered Paracetamol Magnet,"A chunky, 3D pill-shaped magnet inspired by the track of the same name. It won't actually cure the headache caused by your latest project, but it’s strong enough to hold up the receipt for the coffee you bought to cope.","- Designed by us!
- Hand-poured Resin-coated 3D magnet
- Embedded N52 Neodymium magnet (Extra Strong)
- 8 cm x 3 cm (Pill shape)",- Shipped in a fully biodegradable corn-starch ziplock bag.
149,3,MAG,THNK,001,[Screams In Gyoza] Magnet,A tribute to the unsung heroes of localization. This magnet mimics a Closed Caption subtitle bar reading '[Existential dread intensifies]'. Put it on your fridge so you can accurately subtitle your 3 AM snack-hunting adventures.,"- Designed by us!
- Flexible magnetic vinyl
- ""CC Black"" Matte finish with high-contrast white text
- 10 cm x 2.5 cm (Subtitle bar proportions)",- Shipped in a fully biodegradable corn-starch ziplock bag.
175,3,STK,WHLM,001,Whelmed Vinyl Decal Set,"Text printed on a clear background with a glitter finish. Half of all proceeds are donated to Amnesty International. 4 styles to choose from to help you express your current level of ""Whelmed.""","- Designed by us!
- Clear Glitter Vinyl
- 6 cm x 9.5 cm
- Indoor use only (wipe clean with a damp cloth)",- Shipped in a biodegradable corn-starch bag in a rigid craft envelope!
125,3,STK,BIRD,001,Crowful Now Holographic Vinyl Decal,A hot-embossed decal that creates a deep 3D pattern. It features the iconic red stapler with crow wings—a nod to office rebellion and our avian overlords.,"- Designed by us!
- Durable, hot-embossed Holographic Vinyl
- UV-resistant coating
- 8 cm x 8 cm",- Shipped in a biodegradable corn-starch bag in a rigid craft envelope!
139,3,STK,SWTR,001,Wash Yer Hands Vinyl Decal Set,"A set of decals featuring Dr. Raccoon Sir judging your hygiene standards with escalating levels of disgust. Stick these on your laptop, the bathroom door, or anywhere people need a reminder that ""Filthy Animal"" isn't a compliment.","- Designed by us!
- High-opacity, waterproof Vinyl
- Scratch-resistant laminate
- Set of 5 unique expressions (approx. 5 cm each)",- Shipped in a biodegradable corn-starch bag in a rigid craft envelope!
176,3,STK,WHLM,002,Look At Them Go! Vinyl Decal,A chaotic swarm of arrows pointing in every direction. Perfect for the directionally challenged.,"- Designed by us!
- Die-cut Vinyl
- 8 cm x 10 cm",- Shipped in a biodegradable corn-starch bag in a rigid craft envelope!
180,3,STK,MIX,001,Huzzah! Mascots Sticker Set,"SharkyToot, DinoBirb, CrowMissMam and Dr.RaccoonSir Walk Into A Bar sticker set. At some point they go ""HUZZAH!"".","- Designed by us!
- High-opacity, waterproof Vinyl
- Scratch-resistant laminate
- Set of 20 unique expressions (approx. 5 cm each)",- Shipped in a biodegradable corn-starch bag in a rigid craft envelope!
110,3,STK,SPRK,001,Fever Dream Holographic Sticker,"Is it a lightbulb? Is it an explosion? It’s a Fever Dream. Shiny enough to distract you from the 9-to-5 grind, this sticker signals that you have an idea—even if you’re currently just buffering.","- Designed by us!
- Weatherproof Vinyl with a Rainbow Holographic finish
- 7 cm diameter",- Shipped in a biodegradable corn-starch bag in a rigid craft envelope!
162,3,STK,HYPE,001,Error 404: Motivation Not Found Sticker,"Commemorate the eternal ""99% status"" of your projects. Features H.Y.P.E. glitch art—perfect for covering up the scratches on the gear you probably broke during a late-night coding session.","- Designed by us!
- Weatherproof Vinyl with a soft-touch Matte finish
- 7.5 cm square",- Shipped in a biodegradable corn-starch bag in a rigid craft envelope!
150,3,STK,THNK,001,Critical! Brain Sticker,"A die-cut brain lifting weights. It’s wrinkled, it’s tough, and it’s tired of people not thinking for themselves. Perfect for warding off ""silly questions"" at your desk.","- Designed by us!
- Die-cut Vinyl with a Matte finish
- Dishwasher safe (perfect for water bottles)
- 6.5 cm x 7 cm",- Shipped in a biodegradable corn-starch bag in a rigid craft envelope!
192,3,STK,WHLM-COLLB,001,NeuroQuirk Warning Label Holographic Sticker,A collaboration with the YouTube educator 'PsychSplanations'. This holographic sticker warns people that you contain high levels of hyperfixations and niche trivia. Apply directly to forehead or laptop.,"- Collab artwork with 'PsychSplanations'!
- Durable, hot-embossed Holographic Vinyl
- UV-resistant coating
- 8 cm x 8 cm",- Shipped in a biodegradable corn-starch bag in a rigid craft envelope!
111,3,POS,SPRK,001,Fever Dream Lenticular Poster,"A shifting 3D experience. As you walk past, the image morphs from a gray, soul-crushing office cubicle into a neon-colored surrealist party scene.","- Designed by us!
- High-definition Lenticular lens (PET)
- 30 cm x 40 cm
- 1.5 mm thickness",- Flat-packed in a reinforced heavy-duty box to prevent bending
126,3,POS,BIRD,001,Be Kind To Crows Canvas Print,A Victorian-style scientific illustration of a crow wearing a tiny business tie. It’s high art for people who prefer birds to board meetings.,"- Designed by us!
- Acid-free, PH-neutral, Poly-cotton base canvas
- 40 cm x 50 cm
- Hand-stretched over solid wood stretcher bars",- Wrapped in protective foam and shipped in a corrugated box
163,3,POS,HYPE,001,I Broke It Commemorative Poster,A neo-brutalist web-UI inspired art print. Celebrate the moment you broke the system (or just your keyboard) with this high-contrast design.,"- Designed by us!
- 200 g/m² Museum-quality Matte paper
- Giclée printing for vibrant glitch-colors
- 42 cm x 59.4 cm (A2)",- Shipped in a triangular or circular heavy-duty cardboard tube
177,3,POS,WHLM,001,Super Powered Paracetamol Poster,Mimics a vintage superhero comic cover. The hero? A giant pill fighting the ultimate villain: a migraine.,"- Designed by us!
- 170 g/m² Silk-finish paper
- 29.7 cm x 42 cm (A3)",- Shipped in a heavy-duty cardboard tube
193,3,POS,BIRD-COLLB,001,"Limited ""Well, Actually"" CrowMissMam x FictionalArtist123 Premium Poster",Fan of CrowMissMam? Then bring her likeness into your space with this exclusive artwork by FictionalArtist123. ,"- Awesome collab with FictionalArtist123!
- 18"" x 24"" (45.7 cm x 61 cm) Premium Poster
- 250 g/m² thickness
- Fingerprint-resistant glossy finish",- Shipped in a heavy-duty cardboard tube
194,3,POS,MIX-COLLB,001,Limited Huzzah! Dr.RaccoonSir x FictionalArtistWCAG7 Poster,"Do you appreciate Dr.RaccoonSir's sage advice? Then you'll enjoy this striking design by the legendary FictionalArtistWCAG7 — this poster will inevitably help you come up with solutions whenever you wonder ""What would Dr.RaccoonSir do?"".","- Awesome collab with FictionalArtistWCAG7!
- Printed on 190 g/m² Archival Matte paper
- 42 cm x 59.4 cm (A2)",- Shipped in a heavy-duty cardboard tube
,,,,,,,,
,,,,,,,,